{
    "average_energy_below_100Hz": 168.2753967667305,
    "average_energy_above_8000Hz": 4.3638141090540215,
    "average_energy_full_band": 26.590979782158694
}